[
	{
		"country": "Puerto Rico",
		"city": "Milmort",
		"currentCoordinates": "-76.89684, 111.69996",
		"firstName": "Amery",
		"lastName": "Ratliff",
		"birthDate": "683078400",
		"id": 1,
		"phoneNumber": "0800 1111"
	},
	{
		"country": "Belgium",
		"city": "Amlwch",
		"currentCoordinates": "31.49076, -47.34033",
		"firstName": "Clarke",
		"lastName": "Levy",
		"birthDate": "1359824496",
		"id": 2,
		"phoneNumber": "0928 425 5705"
	},
	{
		"country": "Tuvalu",
		"city": "New Maryland",
		"currentCoordinates": "-61.70921, -155.75422",
		"firstName": "Orli",
		"lastName": "Lawrence",
		"birthDate": "1388774401",
		"id": 3,
		"phoneNumber": "0800 016 6145"
	},
	{
		"country": "Gabon",
		"city": "Linkhout",
		"currentCoordinates": "87.33907, 80.48989",
		"firstName": "Sybil",
		"lastName": "Alvarado",
		"birthDate": "1380538332",
		"id": 4,
		"phoneNumber": "(01946) 05302"
	},
	{
		"country": "Cape Verde",
		"city": "Bridge of Allan",
		"currentCoordinates": "88.724, 13.1979",
		"firstName": "Whilemina",
		"lastName": "Velez",
		"birthDate": "1404164946",
		"id": 5,
		"phoneNumber": "055 7969 1771"
	},
	{
		"country": "Austria",
		"city": "San Mauro Marchesato",
		"currentCoordinates": "-21.18855, 110.51888",
		"firstName": "Philip",
		"lastName": "Tucker",
		"birthDate": "1373403160",
		"id": 6,
		"phoneNumber": "0385 563 4009"
	},
	{
		"country": "Central African Republic",
		"city": "Werbomont",
		"currentCoordinates": "22.96551, -128.13093",
		"firstName": "Anne",
		"lastName": "Bright",
		"birthDate": "1382197506",
		"id": 7,
		"phoneNumber": "055 3420 4375"
	},
	{
		"country": "Saint Helena, Ascension and Tristan da Cunha",
		"city": "Folkestone",
		"currentCoordinates": "63.73781, 5.08382",
		"firstName": "Herrod",
		"lastName": "Newman",
		"birthDate": "1409954002",
		"id": 8,
		"phoneNumber": "076 4039 6105"
	},
	{
		"country": "Sri Lanka",
		"city": "Banchory",
		"currentCoordinates": "65.6492, 13.81062",
		"firstName": "Elton",
		"lastName": "Montgomery",
		"birthDate": "1392545551",
		"id": 9,
		"phoneNumber": "0932 155 6385"
	},
	{
		"country": "Angola",
		"city": "Oyen",
		"currentCoordinates": "-14.1489, 82.02341",
		"firstName": "Ila",
		"lastName": "Larsen",
		"birthDate": "1387868786",
		"id": 10,
		"phoneNumber": "(01190) 932860"
	},
	{
		"country": "Chad",
		"city": "Pettoranello del Molise",
		"currentCoordinates": "-43.81737, -133.47117",
		"firstName": "Noelle",
		"lastName": "Melton",
		"birthDate": "1370324190",
		"id": 11,
		"phoneNumber": "0800 164698"
	},
	{
		"country": "Serbia",
		"city": "Pathankot",
		"currentCoordinates": "-50.36236, 127.70678",
		"firstName": "Emerson",
		"lastName": "Hughes",
		"birthDate": "1408342205",
		"id": 12,
		"phoneNumber": "056 5177 8922"
	},
	{
		"country": "Fiji",
		"city": "Kelkheim",
		"currentCoordinates": "-0.89376, 41.22027",
		"firstName": "Anne",
		"lastName": "Pollard",
		"birthDate": "1399964139",
		"id": 13,
		"phoneNumber": "076 6451 5881"
	},
	{
		"country": "Tonga",
		"city": "Lillois-Witterzï¿½e",
		"currentCoordinates": "80.99581, -111.65531",
		"firstName": "Dakota",
		"lastName": "Walsh",
		"birthDate": "1384009388",
		"id": 14,
		"phoneNumber": "0500 680113"
	},
	{
		"country": "Antarctica",
		"city": "Oromocto",
		"currentCoordinates": "64.69918, -25.23274",
		"firstName": "Flynn",
		"lastName": "Cortez",
		"birthDate": "1375088927",
		"id": 15,
		"phoneNumber": "0500 396118"
	},
	{
		"country": "Liberia",
		"city": "Brandon",
		"currentCoordinates": "-47.69122, 124.60503",
		"firstName": "Regina",
		"lastName": "Mckenzie",
		"birthDate": "1389833490",
		"id": 16,
		"phoneNumber": "0383 606 4012"
	},
	{
		"country": "Cook Islands",
		"city": "King Township",
		"currentCoordinates": "50.56157, 149.51967",
		"firstName": "Malik",
		"lastName": "Durham",
		"birthDate": "1400755615",
		"id": 17,
		"phoneNumber": "070 2571 6943"
	},
	{
		"country": "Saint BarthÃ©lemy",
		"city": "Barranca",
		"currentCoordinates": "-72.8177, 139.89617",
		"firstName": "Sage",
		"lastName": "Navarro",
		"birthDate": "1389654417",
		"id": 18,
		"phoneNumber": "0500 306229"
	},
	{
		"country": "Palau",
		"city": "Perinaldo",
		"currentCoordinates": "-88.28957, -158.59641",
		"firstName": "Bruce",
		"lastName": "Silva",
		"birthDate": "1367132888",
		"id": 19,
		"phoneNumber": "0845 46 41"
	},
	{
		"country": "Trinidad and Tobago",
		"city": "Sitapur",
		"currentCoordinates": "83.62821, 111.21391",
		"firstName": "Illiana",
		"lastName": "Leonard",
		"birthDate": "1391371150",
		"id": 20,
		"phoneNumber": "0800 250098"
	},
	{
		"country": "Heard Island and Mcdonald Islands",
		"city": "Sindelfingen",
		"currentCoordinates": "-60.33988, 97.77546",
		"firstName": "Chadwick",
		"lastName": "Obrien",
		"birthDate": "1376392246",
		"id": 21,
		"phoneNumber": "056 7222 4862"
	},
	{
		"country": "Eritrea",
		"city": "Lennik",
		"currentCoordinates": "-36.42764, 178.86751",
		"firstName": "Yael",
		"lastName": "Daugherty",
		"birthDate": "1384549124",
		"id": 22,
		"phoneNumber": "0845 46 42"
	},
	{
		"country": "Ãland Islands",
		"city": "Stamford",
		"currentCoordinates": "57.77062, 9.42791",
		"firstName": "Wing",
		"lastName": "Kidd",
		"birthDate": "1386284866",
		"id": 23,
		"phoneNumber": "(016977) 4860"
	},
	{
		"country": "Spain",
		"city": "Casoli",
		"currentCoordinates": "-14.96149, 121.78259",
		"firstName": "Yuli",
		"lastName": "Bowman",
		"birthDate": "1365557480",
		"id": 24,
		"phoneNumber": "07624 847336"
	},
	{
		"country": "Viet Nam",
		"city": "San Francisco",
		"currentCoordinates": "46.61413, -91.30295",
		"firstName": "Wyatt",
		"lastName": "Mccarthy",
		"birthDate": "1419254494",
		"id": 25,
		"phoneNumber": "(0151) 170 2019"
	},
	{
		"country": "American Samoa",
		"city": "Sala Baganza",
		"currentCoordinates": "88.4867, 38.63617",
		"firstName": "Holly",
		"lastName": "Sweeney",
		"birthDate": "1392397494",
		"id": 26,
		"phoneNumber": "(016977) 9032"
	},
	{
		"country": "Bouvet Island",
		"city": "Beaumaris",
		"currentCoordinates": "59.48997, 31.19582",
		"firstName": "Shellie",
		"lastName": "David",
		"birthDate": "1393065506",
		"id": 27,
		"phoneNumber": "(0191) 075 1548"
	},
	{
		"country": "Belize",
		"city": "Lutterworth",
		"currentCoordinates": "76.1421, -74.02131",
		"firstName": "Jaquelyn",
		"lastName": "Blake",
		"birthDate": "1401404380",
		"id": 28,
		"phoneNumber": "0304 678 1876"
	},
	{
		"country": "South Georgia and The South Sandwich Islands",
		"city": "Schweinfurt",
		"currentCoordinates": "4.4033, 108.28596",
		"firstName": "Alyssa",
		"lastName": "Craft",
		"birthDate": "1378185812",
		"id": 29,
		"phoneNumber": "0800 367899"
	},
	{
		"country": "Peru",
		"city": "Oosterhout",
		"currentCoordinates": "-53.3116, -78.20165",
		"firstName": "Margaret",
		"lastName": "Brown",
		"birthDate": "1404335140",
		"id": 30,
		"phoneNumber": "07624 061807"
	},
	{
		"country": "Marshall Islands",
		"city": "Keswick",
		"currentCoordinates": "-71.92345, -17.94571",
		"firstName": "Keith",
		"lastName": "Woodard",
		"birthDate": "1357415650",
		"id": 31,
		"phoneNumber": "0800 1111"
	},
	{
		"country": "Colombia",
		"city": "Ajmer",
		"currentCoordinates": "56.89089, 51.50889",
		"firstName": "Constance",
		"lastName": "Gomez",
		"birthDate": "1412366347",
		"id": 32,
		"phoneNumber": "(011131) 35457"
	},
	{
		"country": "Kenya",
		"city": "Hamburg",
		"currentCoordinates": "-3.52521, 85.61477",
		"firstName": "Cathleen",
		"lastName": "Mack",
		"birthDate": "1410403257",
		"id": 33,
		"phoneNumber": "(01810) 58327"
	},
	{
		"country": "Belize",
		"city": "Kessenich",
		"currentCoordinates": "-54.20745, 91.30964",
		"firstName": "Celeste",
		"lastName": "Wong",
		"birthDate": "1363215996",
		"id": 34,
		"phoneNumber": "070 4203 8334"
	},
	{
		"country": "Macedonia",
		"city": "Deurne",
		"currentCoordinates": "-44.95769, -18.22641",
		"firstName": "Craig",
		"lastName": "Richards",
		"birthDate": "1405129538",
		"id": 35,
		"phoneNumber": "0500 956898"
	},
	{
		"country": "Sweden",
		"city": "Heusweiler",
		"currentCoordinates": "53.0109, -62.09121",
		"firstName": "Delilah",
		"lastName": "Marquez",
		"birthDate": "1392018190",
		"id": 36,
		"phoneNumber": "0876 158 9350"
	},
	{
		"country": "Liechtenstein",
		"city": "Saharanpur",
		"currentCoordinates": "6.326, -17.15523",
		"firstName": "Mason",
		"lastName": "Snider",
		"birthDate": "1384110721",
		"id": 37,
		"phoneNumber": "0800 406670"
	},
	{
		"country": "Latvia",
		"city": "Pitt Meadows",
		"currentCoordinates": "-37.14972, -126.92357",
		"firstName": "Drew",
		"lastName": "Monroe",
		"birthDate": "1365553179",
		"id": 38,
		"phoneNumber": "0500 143472"
	},
	{
		"country": "China",
		"city": "Tongerlo",
		"currentCoordinates": "28.25025, 32.66866",
		"firstName": "Martena",
		"lastName": "Harrison",
		"birthDate": "1395599992",
		"id": 39,
		"phoneNumber": "07587 633688"
	},
	{
		"country": "Morocco",
		"city": "Bahraich",
		"currentCoordinates": "16.09795, -56.48032",
		"firstName": "Barbara",
		"lastName": "Mayer",
		"birthDate": "1379526450",
		"id": 40,
		"phoneNumber": "0845 46 48"
	},
	{
		"country": "Kuwait",
		"city": "Tumbler Ridge",
		"currentCoordinates": "-34.98163, 108.12353",
		"firstName": "Regina",
		"lastName": "Snow",
		"birthDate": "1376110516",
		"id": 41,
		"phoneNumber": "(014471) 08747"
	},
	{
		"country": "Nepal",
		"city": "Rockville",
		"currentCoordinates": "45.23864, -126.6682",
		"firstName": "Jarrod",
		"lastName": "Tate",
		"birthDate": "1414654885",
		"id": 42,
		"phoneNumber": "(01151) 986258"
	},
	{
		"country": "Paraguay",
		"city": "Hennigsdorf",
		"currentCoordinates": "-72.14743, -20.0647",
		"firstName": "Alika",
		"lastName": "Young",
		"birthDate": "1379242960",
		"id": 43,
		"phoneNumber": "07152 538414"
	},
	{
		"country": "Montenegro",
		"city": "Bolano",
		"currentCoordinates": "27.13224, 129.2747",
		"firstName": "Harriet",
		"lastName": "Goodwin",
		"birthDate": "1389412988",
		"id": 44,
		"phoneNumber": "(01808) 470647"
	},
	{
		"country": "Lithuania",
		"city": "Canmore",
		"currentCoordinates": "-69.97791, -76.19929",
		"firstName": "Maxine",
		"lastName": "Terry",
		"birthDate": "1391896915",
		"id": 45,
		"phoneNumber": "070 8609 3034"
	},
	{
		"country": "Korea, South",
		"city": "Haut-Ittre",
		"currentCoordinates": "-48.87103, 70.73745",
		"firstName": "Melanie",
		"lastName": "Bird",
		"birthDate": "1390352154",
		"id": 46,
		"phoneNumber": "0800 1111"
	},
	{
		"country": "Ecuador",
		"city": "Knokke-Heist",
		"currentCoordinates": "-80.45617, -78.832",
		"firstName": "Lucy",
		"lastName": "Erickson",
		"birthDate": "1385713697",
		"id": 47,
		"phoneNumber": "0363 600 6542"
	},
	{
		"country": "Northern Mariana Islands",
		"city": "Anzegem",
		"currentCoordinates": "74.92011, 151.23218",
		"firstName": "Marshall",
		"lastName": "Tanner",
		"birthDate": "1417973799",
		"id": 48,
		"phoneNumber": "0500 269199"
	},
	{
		"country": "Moldova",
		"city": "Fremantle",
		"currentCoordinates": "-49.63308, 130.09108",
		"firstName": "Willa",
		"lastName": "Hyde",
		"birthDate": "1408915061",
		"id": 49,
		"phoneNumber": "0845 46 44"
	},
	{
		"country": "Antarctica",
		"city": "Marzabotto",
		"currentCoordinates": "-58.86563, 1.04463",
		"firstName": "Ralph",
		"lastName": "Vasquez",
		"birthDate": "1398679432",
		"id": 50,
		"phoneNumber": "(016977) 2336"
	},
	{
		"country": "Mali",
		"city": "Hyderabad",
		"currentCoordinates": "67.97238, 127.57569",
		"firstName": "Doris",
		"lastName": "Clark",
		"birthDate": "1379682784",
		"id": 51,
		"phoneNumber": "076 5409 7000"
	},
	{
		"country": "Bouvet Island",
		"city": "Sint-Andries",
		"currentCoordinates": "61.26094, -165.99992",
		"firstName": "Zahir",
		"lastName": "Hall",
		"birthDate": "1400858648",
		"id": 52,
		"phoneNumber": "(01593) 28636"
	},
	{
		"country": "Sint Maarten",
		"city": "Belsele",
		"currentCoordinates": "81.60747, 115.90476",
		"firstName": "Adrienne",
		"lastName": "Mason",
		"birthDate": "1415776736",
		"id": 53,
		"phoneNumber": "(0151) 129 8890"
	},
	{
		"country": "Liberia",
		"city": "Thorembais-les-Bï¿½guines",
		"currentCoordinates": "19.38452, 46.63334",
		"firstName": "Dolan",
		"lastName": "Head",
		"birthDate": "1408939107",
		"id": 54,
		"phoneNumber": "07410 145414"
	},
	{
		"country": "Romania",
		"city": "Feltre",
		"currentCoordinates": "60.6662, 169.75622",
		"firstName": "Ramona",
		"lastName": "Briggs",
		"birthDate": "1377658198",
		"id": 55,
		"phoneNumber": "0800 841712"
	},
	{
		"country": "Macedonia",
		"city": "Bregenz",
		"currentCoordinates": "-16.34339, 92.36948",
		"firstName": "Danielle",
		"lastName": "Douglas",
		"birthDate": "1359607399",
		"id": 56,
		"phoneNumber": "(0161) 817 5943"
	},
	{
		"country": "Liberia",
		"city": "St. John's",
		"currentCoordinates": "-32.73119, 34.26079",
		"firstName": "Ivy",
		"lastName": "Cochran",
		"birthDate": "1414595856",
		"id": 57,
		"phoneNumber": "056 0238 4677"
	},
	{
		"country": "Puerto Rico",
		"city": "Massa Martana",
		"currentCoordinates": "43.73989, 78.40297",
		"firstName": "Noble",
		"lastName": "Fry",
		"birthDate": "1395769674",
		"id": 58,
		"phoneNumber": "0845 46 46"
	},
	{
		"country": "Virgin Islands, United States",
		"city": "Alix",
		"currentCoordinates": "69.37107, -33.15287",
		"firstName": "Dustin",
		"lastName": "Moody",
		"birthDate": "1376945032",
		"id": 59,
		"phoneNumber": "(01608) 647569"
	},
	{
		"country": "Brazil",
		"city": "Mandela",
		"currentCoordinates": "73.16169, 90.85637",
		"firstName": "Elvis",
		"lastName": "Gallagher",
		"birthDate": "1372351086",
		"id": 60,
		"phoneNumber": "056 3142 3353"
	},
	{
		"country": "Cuba",
		"city": "Badalona",
		"currentCoordinates": "-65.78559, 169.27187",
		"firstName": "Rina",
		"lastName": "Day",
		"birthDate": "1358585339",
		"id": 61,
		"phoneNumber": "(015980) 27730"
	},
	{
		"country": "Oman",
		"city": "Cuxhaven",
		"currentCoordinates": "73.90705, -166.37288",
		"firstName": "Jeanette",
		"lastName": "Joseph",
		"birthDate": "1414040092",
		"id": 62,
		"phoneNumber": "(01326) 56464"
	},
	{
		"country": "Andorra",
		"city": "Nicoya",
		"currentCoordinates": "-75.00106, -164.44738",
		"firstName": "Cade",
		"lastName": "Knox",
		"birthDate": "1357463604",
		"id": 63,
		"phoneNumber": "055 1316 8414"
	},
	{
		"country": "Estonia",
		"city": "Hampstead",
		"currentCoordinates": "-44.49618, -20.49012",
		"firstName": "Ainsley",
		"lastName": "Bowman",
		"birthDate": "1403637108",
		"id": 64,
		"phoneNumber": "055 3058 9633"
	},
	{
		"country": "Svalbard and Jan Mayen Islands",
		"city": "Kester",
		"currentCoordinates": "-60.76943, -22.45879",
		"firstName": "Uriah",
		"lastName": "Obrien",
		"birthDate": "1371590348",
		"id": 65,
		"phoneNumber": "07624 720839"
	},
	{
		"country": "United States",
		"city": "Maaseik",
		"currentCoordinates": "-79.86858, 124.10355",
		"firstName": "Colorado",
		"lastName": "Sheppard",
		"birthDate": "1399290931",
		"id": 66,
		"phoneNumber": "0845 46 46"
	},
	{
		"country": "Mayotte",
		"city": "Villa Faraldi",
		"currentCoordinates": "21.17109, -3.66376",
		"firstName": "Bo",
		"lastName": "Graham",
		"birthDate": "1375756095",
		"id": 67,
		"phoneNumber": "0500 518795"
	},
	{
		"country": "Somalia",
		"city": "Jette",
		"currentCoordinates": "45.87292, -59.83202",
		"firstName": "Rahim",
		"lastName": "Chandler",
		"birthDate": "1404985690",
		"id": 68,
		"phoneNumber": "07832 013886"
	},
	{
		"country": "Maldives",
		"city": "Kitchener",
		"currentCoordinates": "-23.56172, -156.14275",
		"firstName": "Alexandra",
		"lastName": "Richard",
		"birthDate": "1415009202",
		"id": 69,
		"phoneNumber": "(0110) 457 1089"
	},
	{
		"country": "Israel",
		"city": "Mï¿½hlheim am Main",
		"currentCoordinates": "-79.48551, 18.56163",
		"firstName": "Kieran",
		"lastName": "Bender",
		"birthDate": "1392136878",
		"id": 70,
		"phoneNumber": "0845 46 49"
	},
	{
		"country": "Albania",
		"city": "Mumbai",
		"currentCoordinates": "-62.75168, -121.92347",
		"firstName": "Madison",
		"lastName": "Goodwin",
		"birthDate": "1403956883",
		"id": 71,
		"phoneNumber": "0800 563537"
	},
	{
		"country": "Malaysia",
		"city": "Grembergen",
		"currentCoordinates": "-37.63335, -129.7895",
		"firstName": "Geraldine",
		"lastName": "Fry",
		"birthDate": "1366846592",
		"id": 72,
		"phoneNumber": "0800 1111"
	},
	{
		"country": "Vanuatu",
		"city": "Caxias do Sul",
		"currentCoordinates": "-42.41115, 68.82649",
		"firstName": "Yuri",
		"lastName": "Sosa",
		"birthDate": "1363214212",
		"id": 73,
		"phoneNumber": "(010630) 93778"
	},
	{
		"country": "Virgin Islands, United States",
		"city": "Coutisse",
		"currentCoordinates": "-71.34542, -43.74387",
		"firstName": "Yvette",
		"lastName": "Bean",
		"birthDate": "1360548434",
		"id": 74,
		"phoneNumber": "055 5138 5476"
	},
	{
		"country": "Panama",
		"city": "Glovertown",
		"currentCoordinates": "33.46725, 7.62383",
		"firstName": "Dolan",
		"lastName": "Cruz",
		"birthDate": "1370661338",
		"id": 75,
		"phoneNumber": "070 1199 7122"
	},
	{
		"country": "Pitcairn Islands",
		"city": "Traun",
		"currentCoordinates": "-15.17294, -106.79133",
		"firstName": "Omar",
		"lastName": "Hendrix",
		"birthDate": "1377329702",
		"id": 76,
		"phoneNumber": "0845 46 43"
	},
	{
		"country": "Reunion",
		"city": "Kasteelbrakel",
		"currentCoordinates": "-6.27156, -72.26978",
		"firstName": "Daquan",
		"lastName": "Watkins",
		"birthDate": "1412375614",
		"id": 77,
		"phoneNumber": "0891 492 7245"
	},
	{
		"country": "Dominica",
		"city": "Cache Creek",
		"currentCoordinates": "53.47626, -62.57438",
		"firstName": "Simone",
		"lastName": "Chang",
		"birthDate": "1366853526",
		"id": 78,
		"phoneNumber": "0926 099 6116"
	},
	{
		"country": "El Salvador",
		"city": "Maidenhead",
		"currentCoordinates": "-30.09375, 140.08692",
		"firstName": "Curran",
		"lastName": "Hampton",
		"birthDate": "1381977216",
		"id": 79,
		"phoneNumber": "055 0005 2570"
	},
	{
		"country": "Korea, South",
		"city": "Manchester",
		"currentCoordinates": "16.87349, 127.48465",
		"firstName": "Xerxes",
		"lastName": "Anthony",
		"birthDate": "1410306425",
		"id": 80,
		"phoneNumber": "070 9652 9629"
	},
	{
		"country": "Monaco",
		"city": "Balurghat",
		"currentCoordinates": "-44.19111, -97.34863",
		"firstName": "Ila",
		"lastName": "Rosales",
		"birthDate": "1395445357",
		"id": 81,
		"phoneNumber": "070 7450 8143"
	},
	{
		"country": "Solomon Islands",
		"city": "Wanzele",
		"currentCoordinates": "31.68079, 145.51852",
		"firstName": "Kaseem",
		"lastName": "Nieves",
		"birthDate": "1380616319",
		"id": 82,
		"phoneNumber": "056 8459 7020"
	},
	{
		"country": "Saint Vincent and The Grenadines",
		"city": "Alness",
		"currentCoordinates": "63.34489, 20.12055",
		"firstName": "Evelyn",
		"lastName": "Zimmerman",
		"birthDate": "1418583093",
		"id": 83,
		"phoneNumber": "0800 1111"
	},
	{
		"country": "Guinea",
		"city": "Baracaldo",
		"currentCoordinates": "27.93091, 93.8524",
		"firstName": "Illana",
		"lastName": "Harrison",
		"birthDate": "1402974367",
		"id": 84,
		"phoneNumber": "(022) 9911 4844"
	},
	{
		"country": "Comoros",
		"city": "Schagen",
		"currentCoordinates": "-11.62482, -5.65206",
		"firstName": "Ray",
		"lastName": "Lancaster",
		"birthDate": "1416396377",
		"id": 85,
		"phoneNumber": "07344 290809"
	},
	{
		"country": "Guinea",
		"city": "Maidenhead",
		"currentCoordinates": "66.54608, -107.9546",
		"firstName": "Micah",
		"lastName": "Carroll",
		"birthDate": "1392302832",
		"id": 86,
		"phoneNumber": "07784 093614"
	},
	{
		"country": "Western Sahara",
		"city": "Bamberg",
		"currentCoordinates": "-4.03452, 14.95849",
		"firstName": "Darius",
		"lastName": "Scott",
		"birthDate": "1361260785",
		"id": 87,
		"phoneNumber": "055 4222 5898"
	},
	{
		"country": "Yemen",
		"city": "Desamparados",
		"currentCoordinates": "-26.8068, -146.26123",
		"firstName": "Zane",
		"lastName": "Gordon",
		"birthDate": "1385198179",
		"id": 88,
		"phoneNumber": "07624 450295"
	},
	{
		"country": "Denmark",
		"city": "Gaithersburg",
		"currentCoordinates": "21.46336, 8.57775",
		"firstName": "Halee",
		"lastName": "Blackburn",
		"birthDate": "1396229241",
		"id": 89,
		"phoneNumber": "0800 1111"
	},
	{
		"country": "Anguilla",
		"city": "Bellante",
		"currentCoordinates": "12.43843, -113.36669",
		"firstName": "Mohammad",
		"lastName": "Nielsen",
		"birthDate": "1406073975",
		"id": 90,
		"phoneNumber": "0980 975 7772"
	},
	{
		"country": "Saint Pierre and Miquelon",
		"city": "Jaipur",
		"currentCoordinates": "52.84706, 136.03282",
		"firstName": "Judith",
		"lastName": "Mcguire",
		"birthDate": "1405776974",
		"id": 91,
		"phoneNumber": "0803 768 1237"
	},
	{
		"country": "Wallis and Futuna",
		"city": "Fossato di Vico",
		"currentCoordinates": "49.2371, 31.12824",
		"firstName": "Daquan",
		"lastName": "Osborne",
		"birthDate": "1401486386",
		"id": 92,
		"phoneNumber": "076 3422 4125"
	},
	{
		"country": "Palestine, State of",
		"city": "LuziÃ¢nia",
		"currentCoordinates": "82.77934, 137.28296",
		"firstName": "Carson",
		"lastName": "Heath",
		"birthDate": "1419802640",
		"id": 93,
		"phoneNumber": "055 4548 2430"
	},
	{
		"country": "Virgin Islands, British",
		"city": "Schifferstadt",
		"currentCoordinates": "-23.66918, -146.82556",
		"firstName": "Aretha",
		"lastName": "Wood",
		"birthDate": "1418952775",
		"id": 94,
		"phoneNumber": "056 8636 5713"
	},
	{
		"country": "Jordan",
		"city": "Upper Hutt",
		"currentCoordinates": "23.59541, 0.07952",
		"firstName": "Fuller",
		"lastName": "Dennis",
		"birthDate": "1378491460",
		"id": 95,
		"phoneNumber": "056 6560 8737"
	},
	{
		"country": "Austria",
		"city": "Latur",
		"currentCoordinates": "-49.23132, 151.81278",
		"firstName": "Bertha",
		"lastName": "Mcguire",
		"birthDate": "1402581331",
		"id": 96,
		"phoneNumber": "(0113) 302 2816"
	},
	{
		"country": "Rwanda",
		"city": "Paupisi",
		"currentCoordinates": "35.46056, -81.4311",
		"firstName": "Ora",
		"lastName": "Hubbard",
		"birthDate": "1412064919",
		"id": 97,
		"phoneNumber": "(0117) 105 2760"
	},
	{
		"country": "Belgium",
		"city": "CaÃ±as",
		"currentCoordinates": "-56.89135, 99.02609",
		"firstName": "Cairo",
		"lastName": "Wheeler",
		"birthDate": "1409349751",
		"id": 98,
		"phoneNumber": "0980 718 7127"
	},
	{
		"country": "Palau",
		"city": "Lombardsijde",
		"currentCoordinates": "-16.11094, -173.70637",
		"firstName": "Malachi",
		"lastName": "Douglas",
		"birthDate": "1359040213",
		"id": 99,
		"phoneNumber": "056 0882 1406"
	},
	{
		"country": "Saint Pierre and Miquelon",
		"city": "Ramara",
		"currentCoordinates": "67.73034, -81.87242",
		"firstName": "Lacota",
		"lastName": "Cooke",
		"birthDate": "1376456353",
		"id": 100,
		"phoneNumber": "0845 46 48"
	}
]